,인덱스,검색이름
0,15,"5,0 Original"
1,18,Gaffel
2,20,DAB
3,22,Diebels Alt
4,24,Leikeim
5,26,Löwenbräu
6,28,Licher
7,30,Maisel's Weisse Original
8,32,Warsteiner
9,38,Berliner Kindl
10,40,Bear Beer
11,44,Bitburger
12,46,Schineider
13,48,Schmucker
14,50,Stephans Bräu
15,52,Spaten
16,54,Arcobräu
17,56,Augustiner Hell
18,58,einbecker
19,60,Andechs
20,62,Erdinger
21,64,JEVER
22,68,Zähringer
23,70,Cannabis Club
24,72,Kapuziner
25,74,Köstritzer
26,76,König Pilsener
27,78,Krombacher
28,80,Klosterbrauerei Neuzelle
29,81,Schwarzer Abt
30,82,Neuzeller Pilsner
31,83,Neuzeller Bock
32,85,Tucher
33,87,Paderborner
34,91,Feldschlößchen
35,93,Potsdamer Rex Pils
36,95,Pfungstädter
37,97,Fürstenberg
38,99,Franziskaner
39,101,Früh
40,103,Hofbräu
41,17,Budweiser Budvar
42,19,Staropramen
43,21,Kozel
44,23,Gambrinus
45,25,Krušovice
46,27,Primator
47,29,Vratislav
48,31,Celia
49,33,Hopfen Brau
50,35,ZUBR
51,37,Litovel
52,39,RADEGAST
53,40,Blanche De Bruxelles
54,42,Mongozo
55,44,Willianbräu
56,46,Eupener
57,48,Saint Bernardus
58,50,Abbaye des Rocs
59,52,Cantillon
60,54,Kingdom of Belgium
61,57,Keller Premium Lager
62,59,Freedom Pils
63,61,Ligre
64,17,Double Dutch
65,19,Desperados
66,21,Lander Bräu
67,23,Red Mex
68,25,Royal Dutch
69,27,BAVARIA
70,29,Breda
71,31,Château Neubourg Pilsner
72,33,Swinckels
73,35,Amsterdam
74,37,Amstel
75,39,ORANJEBOOM
76,41,Trio
77,43,Phoenix Lager
78,45,Gouden Haven
79,49,Germanicus
80,51,Holland Import
81,53,Hollandia
82,55,Holbrand
83,15,Guinness
84,16,Harp
85,17,Guinness Blonde American Lager
86,18,Hop House 13 Lager
87,20,Kilkenny Irish Cream Ale
88,22,murphys
89,24,Smithwick's
90,26,O'hara's
91,28,Beamish
92,30,Eight Degrees
93,32,White Hag
94,34,Wicklow wolf
95,36,Mc Gargles
96,38,Solas
97,40,Grafters
98,15,"Newcastle Brown Ale, "
99,17,"Fuller's London Pride, "
100,19,"Tennents, "
101,21,"Brew Dog, "
102,23,"Young's Double Chocolate Stout, "
103,25,"Old Speckled Hen, "
104,27,"HOBGOBLIN, "
105,29,"Bass, "
106,31,"Corvus Stout, "
107,33,"MEANTIME LONDON, "
108,35,"Cobra, "
109,37,"Boddingtons Pub Ale, "
110,39,"Belhaven, "
111,41,"Kestrel, "
112,6,Carlsberg
113,7,Faxe
114,8,Fuglsang
115,9,Mikkeller
116,10,Tuborg
117,11,ROYAL
118,12,Harboe
119,13,Krenkerup
120,14,Giraf
121,15,Karlens
122,17,Zagorka
123,18,Kamenitza
124,19,Pirinsko
125,20,Shumensko
126,21,Astika
127,22,BOLIARKA
128,23,Burgasko
129,24,Almus
130,25,LEDENIKA
131,26,Slavena
132,27,Ariana
133,28,Tsarsko
134,29,Ailyak
135,30,Balkansko
136,31,Glarus
137,32,Diana
138,33,Varna
139,35,Armeisko
140,36,Lomsko
141,37,Lomska
142,38,Britos
143,40,Miziya
144,41,trakiisko
145,42,Divo
146,43,Nazdrave
147,44,Stolichno
148,45,Baltika
149,48,Nevskoe
150,50,Okhota
151,52,Khamovniki
152,53,Bochkarev
153,54,Andreich
154,55,Ostmark
155,56,Yarpivo
156,58,Shikhan
157,59,Tinkoff
158,60,Amadeus
159,62,Okskoe
160,64,Vyatich
161,68,Klinskoe
162,70,Zhiguli
163,71,Aldaris
164,72,LIVU
165,73,CESU
166,74,TERVETE
167,75,Zelta
168,76,Mezpils
169,79,Utenos
170,80,Kalnapilis
171,81,Tauras
172,83,Fortas
173,84,Liechtensteiner
174,86,Ursus
175,87,Silva
176,89,BUCEGI
177,90,CIUC
178,91,Noroc
179,93,BERGENBIER
180,94,Neumarkt
181,96,Harghita
182,97,ZAGANU
183,99,Asbeer
184,100,Albrau
185,101,Zimbru
186,102,Servus
187,103,Suceava
188,104,Cozia
189,106,Sikaru
190,107,LAV
191,108,Jelen
192,109,BIP
193,113,Apatinsko
194,114,Jagodinsko
195,115,Merak
196,117,Kabinet
197,118,Valjevsko
198,119,BG
199,121,Master
200,122,Salto
201,123,Carsko
202,129,Eichhof
203,130,Jungfrau
204,131,Tell
205,132,Calanda
206,133,HaldenGut
207,134,Haldenkrone
208,135,Ziegelhof
209,136,Warteck
210,140,Ambar
211,141,Sagra
212,142,Alhambra
213,143,Cruzcampo
214,144,Moritz
215,145,Tropical
216,147,Boga
217,151,CORGON
218,153,kelt
219,154,Gemer
220,155,Topvar
221,156,Steiger
222,158,Egger
223,159,Zipfer
224,160,Zillertal
225,163,Ottakringer
226,164,Schwechater
227,165,Stiegl
228,166,Wieselburger
229,167,Steffl
230,168,Kaiser
231,169,Viking
232,170,Thule
233,171,GULL
234,174,Boli
235,176,Tirana
236,177,KORCA
237,178,Kaon
238,179,Norga
239,180,Stela
240,182,Zibert
241,183,Lvivske
242,184,Obolon
243,187,Varvar
244,188,VIRU
245,190,SAKU
246,193,Peroni
247,195,Forst
248,196,Menabrea
249,197,Ichnusa
250,199,Castello
251,203,Axt
252,209,Prinz
253,214,Sagres
254,215,Coral
255,216,CINTRA
256,217,Tagus
257,219,Zarco
258,220,Marina
259,223,Cergal
260,224,Sovina
261,226,Oitava
262,228,Bosman
263,229,Tyskie
264,230,EB
265,231,Karpackie
266,233,ZYWIEC
267,236,Warka
268,237,LECH
269,238,OKOCIM
270,239,Harnas
271,240,WOJAK
272,242,Krakus
273,243,Piast
274,244,Lezajsk
275,249,Licorne
276,250,Kellegen
277,251,FISCHER
278,252,Pietra
279,253,Serena
280,255,Pelforth
281,258,Mythos
282,259,ALFA
283,260,Fix
284,261,donkey
285,262,Vergina
286,263,Zeos
287,264,NISOS
288,265,MARATHON
289,266,Delphi
290,267,Dioni
291,268,Voreia
292,269,Neda
293,270,Spartan
294,271,Aris
295,272,Aegean
296,273,Romia
297,274,BEERONI
298,276,Zorbas
299,277,PAOK
300,278,Hillas
301,279,Edelsteiner
302,281,Ermis
303,286,Zita
304,287,Zythia
305,289,Thita
306,291,Magnus
307,292,Septem
308,293,Lyra
309,295,Piraiki
310,297,Wind
311,300,Ozujsko
312,301,Karlovacko
313,302,Pan
314,303,Velebitsko
315,304,Tomislav
316,305,Starocesko
317,306,Zmajska
318,307,Vukovarsko
319,308,Lasko
320,309,Union
321,311,Barths
322,312,Viktor
323,313,Sarajevo
324,314,Mostarsko
325,316,Preminger
326,317,Kastel
327,318,Nektar
328,320,CISK
329,322,HOPLEAF
330,324,Kellers
331,325,Gotter
332,326,Niksicko
333,328,FIT
334,329,Soproni
335,330,Borsodi
336,331,Dreher
337,337,Bernstein
338,338,Greifen
339,339,Riesenbrau
340,340,Alivaria
341,341,Krinitsa
342,342,Lidskoe
343,343,Rechitskoe
344,344,Bobrov
345,345,Skopsko
346,347,Makedonsko
347,348,Bitolsko
348,349,Gorsko
349,350,Starogradsko
350,351,Kenbach
351,353,Ringnes
352,354,HANSA
353,355,MACK
354,356,Dahls
355,357,Borg
356,359,Nordlands
357,361,Arctic
358,362,SEIDEL
359,364,Aass
360,367,Frydenlund
361,369,Pokal
362,370,Geiranger
363,373,Kompils
364,374,KARHU
365,376,Olvi
366,377,KOFF
367,378,Keisari
368,379,Kukko
369,380,Karjala
370,383,Urho
371,384,Aura
372,385,Malmgard
373,387,TT
374,388,Crocodile
375,389,Falcon
376,390,Stockholm
377,391,Arboga
378,392,Sofiero
379,393,Spendrups
380,394,Blagul
381,396,MARIESTADS
382,397,TINGSRYD
383,398,ABRO
384,399,Sarek
385,400,Eriksberg
386,401,TILL
387,402,Kung
388,403,IKEA
389,407,Moosehead
390,409,Carling
391,412,iceberg
392,413,Alpine
393,414,Yellowhead
394,417,Kokanee
395,422,Yukon
396,426,Corona
397,427,Sol
398,429,Tecate
399,431,Indio
400,432,Modelo
401,433,Montejo
402,435,PACIFICO
403,436,ESTRELLA
404,437,Minerva
405,438,Barrilito
406,440,Bocanegra
407,442,Cristal
408,443,bucanero
409,444,cacique
410,445,mayabe
411,446,Hatuey
412,448,Talawah
413,450,Skol
414,451,BRAHMA
415,452,SAMBA
416,453,Xingu
417,454,Caracu
418,456,DEVASSA
419,457,Antarctica
420,458,Itaipava
421,462,Arequipena
422,463,Franca
423,465,Cordillera
424,467,Trujillo
425,470,conquer
426,472,Biela
427,475,POKER
428,476,BBC
429,477,Aguila
430,479,POLAR
431,480,Solera
432,481,Zulia
433,482,Pacena
434,483,Quilmes
435,484,Andes
436,485,Patagonia
437,486,BEABLE
438,487,Antares
439,488,Iguana
440,489,Schneider
441,490,Salta
442,491,Norte
443,492,Isenbeck
444,494,Nortena
445,495,Patricia
446,496,Kunstmann
447,497,AUSTRAL
448,498,Escud
449,499,Mestra
450,500,Gallo
451,501,Dorada
452,503,Bahia
453,504,BAJA
454,505,Suprema
455,506,Cantina
456,507,barena
457,509,Tona
458,511,IMPERIAL
459,512,Panama
460,513,Balboa
461,514,ATLAS
462,515,Baviera
463,516,Belikin
464,517,Parbo
465,518,CARIB
466,519,Banks
467,520,KALIK
468,521,SANDS
469,522,piton
470,523,Wadadli
471,524,Presidente
472,530,Chinggis
473,534,Borgio
474,536,Sengur
475,537,Niislel
476,540,Fusion
477,541,Legend
478,543,Craft Athens Larger
479,544,Kingfisher
480,555,Belo
481,557,Godfather
482,560,Lion
483,563,Papare
484,564,Murree
485,565,gorkha
486,567,Everest
487,568,Godawari
488,570,hunter
489,571,Druk
490,573,Bintang
491,575,Anker
492,577,Stark
493,580,Storm
494,581,Batavia
495,582,Prost
496,583,SAIGON
497,584,LARUE
498,588,VietHa
499,589,Huda
500,590,Halida
501,592,Sagota
502,594,ZOROK
503,595,Angkor
504,596,Cambodia
505,604,Manila
506,607,Singha
507,608,Chang
508,609,LEO
509,610,ARCHA
510,611,PHUKET
511,612,Hestia
512,614,Cheers
513,615,Tiger
514,618,Brewerkz
515,619,Dester
516,620,Anchor
517,621,HPL
518,622,JAZ
519,623,Myanmar
520,625,Mandalay
521,627,Dagon
522,628,Yoma
523,629,Efes
524,630,Bomonti
525,631,Marmara
526,632,Perge
527,633,Pera
528,634,VOLE
529,635,Petra
530,636,Philadelphia
531,637,Carakale
532,638,Barada
533,640,Almaza
534,641,Beirut
535,642,KEO
536,643,Leon
537,645,Prime
538,646,GOLDSTAR
539,647,Maccabee
540,648,Negev
541,649,NATAKHTARI
542,650,Argo larger beer
543,651,KAZBEGI
544,652,Mtieli
545,653,kilikia
546,654,Gyumri
547,655,Ararat
548,656,Kotayk
549,657,Erebuni
550,658,DILIJAN
551,659,Karagandinskoe
552,661,Derbes
553,662,Irbis
554,665,Nashe
555,666,Arpa
556,667,Xirdalan
557,668,Afsana
558,669,SARBAST
559,670,Qibray
560,672,Zip
561,673,Taybeh
562,674,Kilimanjaro
563,675,Serengeti
564,676,Safari
565,678,NDOVU
566,679,UHURU
567,681,Tursker
568,682,Pilsner
569,683,Summit
570,684,Windhoek
571,685,Tafel
572,687,Castle
573,690,Toti
574,691,Ohlssonss
575,692,Citizen
576,693,CBC
577,695,Sibebe
578,696,2M
579,697,MANICA
580,698,Laurentina
581,699,cuca
582,700,Harar
583,701,Dashen
584,702,Walia
585,703,Bedele
586,704,Meta
587,707,Nile
588,708,Bell
589,709,Moonberg
590,711,Senator
591,712,PRIMUS
592,713,Nkoyi
593,714,Mosi
594,716,THB
595,719,Burkina
596,720,Asmara
597,721,Mamba
598,722,Ivoire
599,724,Zambezi
600,727,Star
601,728,Hero
602,729,Trophy
603,730,Kadji
604,732,Virunga
605,734,club
606,736,BB
607,737,MOCAF
608,739,Maluti
609,740,Regab
610,741,JulBrew
611,742,Guiluxe
612,743,Pampa
613,745,Gala
614,746,Phoenix
615,748,Creola
616,749,Strela
617,751,Nyongera
618,752,Stella
619,753,Sakara
620,754,Luxor
621,755,Sphinx
622,756,Meister
623,758,Casablanca
624,761,Kania
625,762,Celtia
626,763,Berber
627,765,TANGO
628,766,XXXX
629,768,Cascade
630,769,Coopers
631,772,EMU
632,774,Toohey
633,776,TUN
634,779,Carlton
635,780,Rocks
636,782,SP
637,783,Tui
638,784,NZPURE
639,786,Steinlager
640,788,Moa
641,790,Solbrew
642,791,Vailima
643,792,Vonu
644,794,Ikale
645,796,Duff
646,797,PaoPao
647,798,GraggyIce
648,0,Bofferding
649,1,Mousel
650,2,Desant
651,3,Slavutich
652,4,Kasztelan
653,5,Brok
654,6,Bieckert
655,7,PILSEN
